EmployeeID,Age,Gender,MaritalStatus,Department,JobRole,EducationField,YearsAtCompany,MonthlyIncome,Attrition,OverTime,PerformanceRating,JobSatisfaction,WorkLifeBalance,EnvironmentSatisfaction,YearsInCurrentRole,YearsSinceLastPromotion,DistanceFromHomeKM
EMP-1001,23,Female,Single,Finance,Financial Analyst,Medical,2,4685,Yes,Yes,3,1,4,1,1,0,35
EMP-1002,50,Female,Single,Software Engineering,Software Engineer,Medical,14,9081,Yes,Yes,3,2,2,3,6,4,17
EMP-1003,51,Female,Married,R&D,R&D Manager,Life Sciences,18,17417,No,Yes,3,3,2,1,10,1,15
EMP-1004,39,Male,Married,R&D,Laboratory Technician,Medical,12,8546,No,No,3,3,1,2,8,6,18
EMP-1005,57,Male,Married,Finance,Finance Manager,Life Sciences,8,11610,No,Yes,4,3,4,3,6,1,32
EMP-1006,51,Male,Single,Software Engineering,Engineering Lead,Medical,18,16821,No,Yes,4,4,4,3,17,15,6
EMP-1007,31,Female,Divorced,R&D,Research Scientist,Technical Degree,10,6200,No,No,4,4,4,3,1,0,35
EMP-1008,43,Male,Married,Human Resources,HR Manager,Medical,15,14436,No,No,3,3,2,1,11,8,13
EMP-1009,32,Female,Divorced,Sales,Sales Representative,Life Sciences,11,8880,Yes,No,4,1,1,3,1,0,6
EMP-1010,53,Female,Divorced,R&D,R&D Manager,Medical,5,15259,No,No,4,2,3,4,2,2,20
EMP-1011,45,Male,Divorced,Software Engineering,Engineering Lead,Technical Degree,4,11358,No,No,3,1,3,1,2,0,5
EMP-1012,25,Male,Single,Finance,Finance Manager,Marketing,3,13341,No,No,3,3,4,2,3,3,16
EMP-1013,34,Male,Divorced,Software Engineering,DevOps Engineer,Technical Degree,12,9729,No,Yes,3,4,1,1,2,0,13
EMP-1014,50,Male,Single,Sales,Sales Manager,Marketing,15,16141,No,Yes,4,1,4,1,2,0,11
EMP-1015,52,Male,Married,Software Engineering,DevOps Engineer,Life Sciences,6,7204,No,Yes,3,4,3,4,6,6,32
EMP-1016,40,Male,Single,Sales,Sales Executive,Human Resources,18,9837,No,No,3,3,1,1,17,5,4
EMP-1017,33,Male,Single,Marketing,Marketing Specialist,Other,8,7947,Yes,No,3,2,1,1,5,1,21
EMP-1018,47,Male,Divorced,Sales,Sales Representative,Marketing,15,11595,Yes,No,3,1,1,4,9,3,33
EMP-1019,44,Female,Single,Human Resources,HR Executive,Marketing,10,7112,No,No,2,3,1,3,3,2,8
EMP-1020,57,Male,Married,R&D,R&D Manager,Human Resources,7,16037,Yes,Yes,4,2,3,4,6,3,18
EMP-1021,43,Female,Divorced,R&D,Research Scientist,Marketing,6,8565,No,Yes,4,4,1,1,2,2,3
EMP-1022,57,Male,Single,Human Resources,HR Manager,Life Sciences,10,15287,No,No,3,1,3,2,6,6,27
EMP-1023,31,Female,Single,Marketing,Marketing Manager,Medical,6,12813,No,No,4,2,3,4,2,1,11
EMP-1024,46,Female,Married,Finance,Financial Analyst,Medical,7,8643,No,Yes,3,3,2,2,3,2,5
EMP-1025,54,Male,Divorced,Human Resources,Recruitment Specialist,Marketing,1,4518,Yes,Yes,3,3,2,3,1,1,33
EMP-1026,58,Male,Single,R&D,Laboratory Technician,Other,14,7175,Yes,Yes,3,2,3,4,6,5,8
EMP-1027,54,Male,Married,Finance,Accountant,Marketing,13,9405,Yes,No,3,2,2,4,3,2,26
EMP-1028,41,Male,Married,Marketing,Marketing Specialist,Human Resources,20,11219,No,No,3,4,4,2,6,5,6
EMP-1029,43,Male,Single,Human Resources,HR Manager,Other,10,13900,Yes,Yes,4,2,2,1,2,1,27
EMP-1030,34,Female,Married,Finance,Finance Manager,Technical Degree,13,12929,Yes,Yes,4,1,1,4,8,0,16
EMP-1031,30,Female,Divorced,R&D,Laboratory Technician,Human Resources,9,9336,No,No,3,4,4,4,8,7,17
EMP-1032,39,Female,Divorced,Sales,Sales Manager,Technical Degree,8,12845,Yes,Yes,3,1,3,2,3,1,15
EMP-1033,31,Female,Single,Software Engineering,Engineering Lead,Technical Degree,10,14090,No,Yes,3,4,4,1,10,0,25
EMP-1034,44,Male,Married,Software Engineering,Software Engineer,Technical Degree,18,14045,Yes,Yes,3,2,4,2,13,11,11
EMP-1035,56,Male,Married,Software Engineering,Software Engineer,Human Resources,19,6671,No,Yes,3,4,2,4,11,3,30
EMP-1036,46,Male,Married,Human Resources,Recruitment Specialist,Marketing,3,7514,No,No,3,1,3,2,3,0,2
EMP-1037,23,Female,Single,Sales,Sales Executive,Medical,2,4725,No,No,3,2,4,3,1,0,20
EMP-1038,23,Female,Divorced,R&D,R&D Manager,Other,2,12531,No,Yes,3,2,1,2,1,0,23
EMP-1039,45,Male,Divorced,Marketing,Content Strategist,Marketing,1,7001,No,No,3,4,1,4,1,0,28
EMP-1040,55,Non-Binary,Married,Sales,Sales Manager,Human Resources,18,19759,No,No,3,4,4,3,3,2,29
EMP-1041,58,Female,Married,Sales,Sales Representative,Marketing,1,7616,Yes,Yes,3,3,2,4,1,0,34
EMP-1042,37,Female,Married,Sales,Sales Executive,Human Resources,8,9620,No,Yes,3,4,4,1,4,2,24
EMP-1043,55,Male,Divorced,Software Engineering,Engineering Lead,Human Resources,11,15001,No,Yes,2,4,3,3,4,2,8
EMP-1044,33,Male,Divorced,Finance,Finance Manager,Technical Degree,9,17135,No,Yes,3,3,1,2,5,0,35
EMP-1045,24,Non-Binary,Divorced,Sales,Sales Representative,Marketing,3,7749,No,No,3,1,3,4,1,1,31
EMP-1046,47,Female,Divorced,R&D,Research Scientist,Other,2,4818,Yes,Yes,3,3,1,2,1,1,29
EMP-1047,49,Male,Divorced,Software Engineering,DevOps Engineer,Life Sciences,20,11852,Yes,No,3,2,2,3,3,1,1
EMP-1048,52,Male,Single,Software Engineering,DevOps Engineer,Marketing,10,8599,No,No,3,2,3,2,3,2,10
EMP-1049,32,Female,Divorced,R&D,Research Scientist,Other,11,8446,No,No,4,1,4,3,9,8,32
EMP-1050,24,Female,Divorced,Software Engineering,Software Engineer,Marketing,3,5719,Yes,No,3,1,2,1,1,0,31
EMP-1051,50,Female,Single,Marketing,Marketing Manager,Human Resources,14,18712,No,No,3,4,1,4,11,1,11
EMP-1052,53,Male,Married,Human Resources,Recruitment Specialist,Human Resources,2,7269,No,Yes,3,3,3,3,1,1,27
EMP-1053,55,Male,Married,R&D,Research Scientist,Other,15,6652,No,No,3,3,2,3,2,0,16
EMP-1054,41,Female,Divorced,Finance,Financial Analyst,Technical Degree,3,6135,No,No,3,1,4,1,3,2,33
EMP-1055,48,Female,Married,Finance,Accountant,Medical,15,10520,No,No,3,4,2,2,13,13,27
EMP-1056,39,Female,Married,Human Resources,HR Manager,Other,10,16288,No,No,3,4,2,4,9,8,25
EMP-1057,34,Non-Binary,Single,Software Engineering,DevOps Engineer,Human Resources,13,9910,No,No,3,4,1,3,13,6,25
EMP-1058,31,Female,Single,Finance,Finance Manager,Medical,10,15674,No,No,3,1,4,1,3,3,10
EMP-1059,38,Male,Divorced,R&D,Laboratory Technician,Technical Degree,3,6995,No,No,2,4,3,4,1,0,19
EMP-1060,27,Male,Single,Sales,Sales Manager,Other,4,12902,No,No,2,3,1,1,3,2,28
EMP-1061,55,Male,Divorced,Sales,Sales Executive,Medical,6,5654,No,No,2,4,2,4,4,2,30
EMP-1062,22,Female,Married,Human Resources,HR Manager,Marketing,1,9962,No,No,3,4,3,3,1,1,20
EMP-1063,52,Male,Married,Sales,Sales Representative,Human Resources,12,10608,No,Yes,3,3,1,4,11,11,4
EMP-1064,53,Female,Married,Marketing,Marketing Manager,Medical,20,15506,No,No,4,2,3,2,2,1,29
EMP-1065,45,Female,Single,R&D,R&D Manager,Marketing,11,17439,Yes,No,4,2,2,2,9,4,11
EMP-1066,40,Female,Married,Human Resources,Recruitment Specialist,Life Sciences,15,6606,Yes,Yes,3,2,4,3,2,1,24
EMP-1067,38,Female,Divorced,Finance,Finance Manager,Marketing,4,14864,No,No,3,4,1,3,1,1,20
EMP-1068,29,Male,Single,Finance,Accountant,Marketing,8,5543,Yes,No,3,2,2,4,7,2,27
EMP-1069,53,Female,Married,Finance,Financial Analyst,Life Sciences,12,8135,No,Yes,3,4,2,3,9,5,4
EMP-1070,34,Non-Binary,Married,Software Engineering,DevOps Engineer,Life Sciences,7,4508,No,No,3,3,2,2,7,3,14
EMP-1071,31,Female,Divorced,Sales,Sales Representative,Life Sciences,9,6032,No,No,2,3,2,1,1,1,16
EMP-1072,23,Male,Single,Marketing,Content Strategist,Medical,2,7867,No,No,3,1,4,4,1,1,33
EMP-1073,24,Female,Divorced,Sales,Sales Manager,Human Resources,3,13194,Yes,No,3,1,1,4,3,3,5
EMP-1074,31,Male,Married,R&D,Laboratory Technician,Human Resources,10,11012,No,No,3,3,4,3,2,2,8
EMP-1075,57,Female,Single,Finance,Finance Manager,Technical Degree,15,14196,No,No,2,3,4,4,7,5,17
EMP-1076,52,Male,Single,Human Resources,HR Executive,Life Sciences,14,8751,No,No,3,3,2,1,6,5,8
EMP-1077,49,Female,Divorced,Software Engineering,DevOps Engineer,Life Sciences,10,8159,Yes,No,3,1,2,2,9,5,8
EMP-1078,36,Female,Divorced,Human Resources,HR Manager,Human Resources,15,18739,Yes,Yes,3,1,3,1,6,2,1
EMP-1079,58,Female,Single,Sales,Sales Executive,Medical,1,4292,Yes,No,3,2,4,4,1,0,4
EMP-1080,25,Female,Married,Sales,Sales Executive,Technical Degree,4,8398,No,Yes,3,4,4,3,3,3,8
EMP-1081,53,Female,Married,Human Resources,HR Manager,Life Sciences,8,14161,Yes,No,3,1,1,2,5,2,21
EMP-1082,53,Female,Single,R&D,Research Scientist,Medical,13,11852,No,No,3,2,3,1,7,0,30
EMP-1083,58,Male,Married,R&D,Laboratory Technician,Other,14,8077,No,Yes,4,4,1,3,8,5,6
EMP-1084,37,Male,Married,Software Engineering,Software Engineer,Human Resources,3,7558,No,No,3,3,3,2,3,0,34
EMP-1085,44,Male,Divorced,Marketing,Marketing Specialist,Medical,8,5538,No,No,3,3,2,2,2,0,32
EMP-1086,50,Female,Divorced,Software Engineering,Engineering Lead,Other,20,18567,No,Yes,3,3,2,4,10,4,4
EMP-1087,26,Male,Married,Human Resources,HR Manager,Life Sciences,2,12244,No,No,3,3,1,1,2,2,3
EMP-1088,34,Male,Married,Software Engineering,Engineering Lead,Human Resources,5,10331,No,No,3,1,3,1,2,2,29
EMP-1089,55,Female,Married,Software Engineering,Engineering Lead,Marketing,10,14213,No,Yes,2,3,1,3,7,4,17
EMP-1090,31,Male,Divorced,Finance,Finance Manager,Other,5,12510,No,No,3,4,2,1,3,1,34
EMP-1091,49,Female,Single,R&D,R&D Manager,Marketing,10,13906,Yes,Yes,4,2,3,4,5,0,33
EMP-1092,55,Male,Married,Marketing,Marketing Manager,Human Resources,5,14622,No,No,3,2,2,2,2,2,29
EMP-1093,45,Female,Single,R&D,Laboratory Technician,Technical Degree,20,12374,No,No,4,4,2,2,16,6,24
EMP-1094,50,Male,Married,Finance,Finance Manager,Technical Degree,17,17189,Yes,No,2,2,2,2,12,8,7
EMP-1095,29,Male,Single,Finance,Finance Manager,Marketing,8,14201,No,No,4,4,1,2,1,1,4
EMP-1096,45,Male,Single,Software Engineering,Engineering Lead,Marketing,8,10578,No,Yes,3,1,3,2,3,3,29
EMP-1097,27,Male,Single,Marketing,Marketing Specialist,Medical,6,9071,No,No,2,1,3,2,4,4,30
EMP-1098,53,Female,Single,R&D,Research Scientist,Other,17,11497,Yes,Yes,3,2,3,4,6,5,6
EMP-1099,26,Female,Divorced,Marketing,Content Strategist,Human Resources,5,8514,No,No,4,4,4,1,3,0,23
EMP-1100,37,Female,Divorced,R&D,Laboratory Technician,Life Sciences,16,8867,No,No,3,1,3,3,15,15,12
EMP-1101,51,Male,Single,Sales,Sales Executive,Life Sciences,7,5153,No,Yes,3,3,4,4,2,1,23
EMP-1102,43,Male,Married,R&D,R&D Manager,Technical Degree,13,17995,No,No,3,4,3,2,13,8,18
EMP-1103,49,Male,Divorced,R&D,R&D Manager,Medical,18,15082,Yes,No,3,1,1,3,14,2,29
EMP-1104,24,Female,Married,Human Resources,Recruitment Specialist,Human Resources,3,6388,Yes,No,4,1,1,4,1,0,29
EMP-1105,26,Male,Divorced,R&D,Research Scientist,Marketing,5,8301,No,No,3,1,2,4,5,1,34
EMP-1106,42,Female,Single,Human Resources,Recruitment Specialist,Life Sciences,1,5001,No,No,3,4,1,3,1,1,32
EMP-1107,30,Female,Married,Sales,Sales Executive,Medical,9,7132,No,No,3,3,3,1,5,1,12
EMP-1108,36,Male,Single,Human Resources,HR Manager,Medical,8,17182,No,No,4,1,3,3,3,0,5
EMP-1109,52,Female,Married,Human Resources,Recruitment Specialist,Human Resources,3,5420,No,No,3,3,1,4,1,0,9
EMP-1110,25,Female,Divorced,Software Engineering,Engineering Lead,Medical,4,10612,No,No,3,3,2,3,3,0,17
EMP-1111,57,Male,Divorced,Sales,Sales Manager,Marketing,20,16330,Yes,No,3,2,2,2,19,1,2
EMP-1112,58,Male,Single,R&D,Research Scientist,Human Resources,14,7326,No,Yes,4,3,3,4,7,4,30
EMP-1113,25,Male,Married,R&D,R&D Manager,Technical Degree,4,11119,No,No,4,2,3,3,4,1,24
EMP-1114,28,Male,Married,Marketing,Marketing Manager,Life Sciences,7,13674,Yes,Yes,3,2,1,1,2,0,21
EMP-1115,42,Male,Single,Marketing,Marketing Manager,Technical Degree,17,17033,No,Yes,3,3,4,1,15,7,14
EMP-1116,25,Male,Married,Marketing,Content Strategist,Human Resources,4,6688,Yes,Yes,3,1,1,4,4,2,3
EMP-1117,58,Female,Married,Software Engineering,Software Engineer,Human Resources,10,6282,No,Yes,2,4,3,1,6,6,22
EMP-1118,31,Male,Divorced,Marketing,Content Strategist,Technical Degree,10,5139,Yes,No,3,1,2,3,9,2,21
EMP-1119,32,Male,Divorced,Marketing,Content Strategist,Other,10,8745,No,No,3,4,3,4,2,1,20
EMP-1120,23,Female,Married,Finance,Finance Manager,Other,2,13647,No,No,3,1,4,2,2,0,16
EMP-1121,29,Male,Married,R&D,R&D Manager,Marketing,8,11780,No,No,3,2,4,4,1,0,34
EMP-1122,42,Non-Binary,Married,Sales,Sales Manager,Human Resources,13,16192,No,No,3,2,4,3,12,10,17
EMP-1123,34,Female,Married,Marketing,Content Strategist,Human Resources,10,8952,No,No,3,3,3,2,8,5,18
EMP-1124,58,Female,Married,Human Resources,HR Executive,Technical Degree,12,7087,No,No,3,1,3,1,5,5,31
EMP-1125,56,Male,Divorced,Sales,Sales Executive,Other,9,5917,Yes,No,3,2,2,1,1,0,27
EMP-1126,52,Male,Single,Human Resources,HR Manager,Life Sciences,18,14365,No,No,3,4,4,2,10,10,4
EMP-1127,58,Male,Divorced,R&D,R&D Manager,Other,2,10446,Yes,No,3,2,1,4,2,0,1
EMP-1128,28,Female,Married,Human Resources,HR Manager,Marketing,7,15776,No,Yes,4,4,2,4,3,1,30
EMP-1129,33,Male,Married,Finance,Accountant,Marketing,12,7110,No,Yes,3,4,4,3,3,1,31
EMP-1130,22,Male,Single,Human Resources,HR Executive,Technical Degree,1,6127,No,No,2,1,3,3,1,1,20
EMP-1131,54,Female,Divorced,Sales,Sales Representative,Marketing,4,6592,No,No,3,2,2,2,3,3,31
EMP-1132,35,Female,Divorced,Marketing,Marketing Manager,Human Resources,3,13596,No,Yes,3,3,1,1,3,1,35
EMP-1133,42,Female,Married,Sales,Sales Executive,Life Sciences,7,9902,No,No,3,1,4,1,4,4,4
EMP-1134,41,Female,Married,Marketing,Content Strategist,Marketing,1,5283,No,No,2,1,1,4,1,1,3
EMP-1135,33,Female,Divorced,Human Resources,Recruitment Specialist,Other,12,10803,No,No,3,4,4,4,11,8,9
EMP-1136,29,Male,Divorced,Finance,Accountant,Technical Degree,8,6931,Yes,No,3,2,1,1,7,6,15
EMP-1137,44,Male,Single,Sales,Sales Representative,Other,4,4891,No,Yes,2,4,1,2,1,1,4
EMP-1138,24,Male,Single,Sales,Sales Manager,Human Resources,3,15792,Yes,Yes,4,1,2,3,3,2,16
EMP-1139,55,Male,Married,Human Resources,HR Executive,Marketing,2,8544,Yes,Yes,3,2,4,4,2,2,21
EMP-1140,48,Male,Married,Finance,Accountant,Medical,18,10877,No,No,4,2,3,2,18,13,27
EMP-1141,30,Male,Married,Marketing,Marketing Manager,Medical,9,15327,No,No,4,4,3,1,1,1,25
EMP-1142,24,Female,Single,Finance,Finance Manager,Human Resources,3,11093,No,No,2,2,3,3,1,0,31
EMP-1143,35,Male,Single,Sales,Sales Manager,Human Resources,11,17295,No,No,3,4,4,3,8,7,7
EMP-1144,42,Female,Married,Finance,Accountant,Marketing,14,7690,Yes,Yes,4,2,2,1,7,4,10
EMP-1145,36,Male,Single,Sales,Sales Representative,Technical Degree,15,9190,No,Yes,3,4,4,4,3,1,35
EMP-1146,56,Non-Binary,Single,Software Engineering,Software Engineer,Human Resources,2,4590,Yes,Yes,3,1,1,4,1,0,14
EMP-1147,45,Male,Divorced,Marketing,Content Strategist,Other,20,13518,No,No,3,4,1,1,1,1,35
EMP-1148,54,Female,Divorced,Human Resources,HR Executive,Technical Degree,6,6386,No,Yes,3,1,2,2,3,3,6
EMP-1149,51,Female,Divorced,Human Resources,Recruitment Specialist,Medical,10,7030,Yes,No,3,1,1,4,1,0,6
EMP-1150,43,Female,Single,Software Engineering,DevOps Engineer,Human Resources,2,5490,No,No,3,4,3,1,2,2,3
EMP-1151,23,Non-Binary,Divorced,Sales,Sales Representative,Medical,2,4282,Yes,No,3,2,2,4,1,0,33
EMP-1152,25,Male,Single,Finance,Accountant,Life Sciences,4,8041,No,No,3,3,1,3,2,1,25
EMP-1153,46,Male,Divorced,Software Engineering,Software Engineer,Marketing,8,5170,No,No,3,3,2,4,7,5,24
EMP-1154,22,Female,Married,R&D,Research Scientist,Marketing,1,4220,Yes,No,3,1,2,4,1,0,23
EMP-1155,42,Female,Single,Marketing,Marketing Specialist,Marketing,14,11262,Yes,No,3,1,2,2,5,3,10
EMP-1156,49,Male,Married,R&D,Research Scientist,Technical Degree,3,6800,No,No,2,2,4,2,1,1,22
EMP-1157,43,Male,Married,Marketing,Content Strategist,Other,20,8835,No,No,4,3,2,4,11,4,32
EMP-1158,42,Male,Married,Marketing,Marketing Specialist,Marketing,4,8623,No,No,3,2,1,4,1,1,32
EMP-1159,41,Male,Divorced,Sales,Sales Manager,Medical,14,18408,No,No,3,1,4,4,14,11,27
EMP-1160,45,Female,Divorced,Marketing,Marketing Specialist,Human Resources,3,5133,No,No,2,2,3,2,3,3,22
EMP-1161,22,Male,Single,Software Engineering,Software Engineer,Human Resources,1,8069,No,No,3,2,4,3,1,1,2
EMP-1162,40,Male,Single,Software Engineering,Software Engineer,Life Sciences,5,7198,No,No,3,3,4,2,1,1,29
EMP-1163,41,Male,Divorced,Human Resources,HR Executive,Life Sciences,1,6325,Yes,No,3,1,2,2,1,1,15
EMP-1164,33,Male,Divorced,Software Engineering,Engineering Lead,Technical Degree,12,12795,No,No,3,2,4,4,4,2,5
EMP-1165,56,Male,Married,Marketing,Marketing Specialist,Medical,15,7388,No,No,3,4,3,4,6,2,30
EMP-1166,41,Female,Divorced,Marketing,Marketing Specialist,Life Sciences,5,6665,Yes,Yes,3,2,3,1,4,4,9
EMP-1167,49,Male,Divorced,Marketing,Content Strategist,Human Resources,6,8897,No,Yes,4,4,3,2,5,0,23
EMP-1168,30,Male,Married,R&D,Laboratory Technician,Human Resources,9,9540,No,No,2,4,4,4,1,0,19
EMP-1169,36,Female,Single,R&D,Laboratory Technician,Technical Degree,15,11607,Yes,No,4,1,1,3,14,12,3
EMP-1170,56,Male,Married,Finance,Accountant,Life Sciences,8,8622,No,No,4,1,4,3,8,1,16
EMP-1171,44,Female,Divorced,Sales,Sales Manager,Other,14,14157,Yes,No,3,2,2,2,10,8,11
EMP-1172,40,Male,Married,Human Resources,HR Manager,Human Resources,4,11194,No,No,2,4,1,3,2,0,10
EMP-1173,37,Female,Divorced,Finance,Accountant,Technical Degree,16,9116,No,No,3,3,4,4,3,3,33
EMP-1174,45,Male,Married,Finance,Accountant,Marketing,19,10288,No,No,3,1,4,3,13,3,28
EMP-1175,39,Male,Married,Sales,Sales Representative,Marketing,18,11228,No,Yes,3,4,3,1,15,0,8
EMP-1176,51,Male,Married,Sales,Sales Representative,Medical,5,6622,No,Yes,3,3,1,3,2,0,26
EMP-1177,36,Male,Single,Finance,Accountant,Other,4,4024,No,No,3,4,1,2,4,0,1
EMP-1178,29,Non-Binary,Married,Finance,Accountant,Other,5,7953,No,No,2,2,4,1,3,2,20
EMP-1179,30,Female,Divorced,Sales,Sales Representative,Medical,3,8427,Yes,No,3,1,2,4,2,2,29
EMP-1180,28,Male,Single,Sales,Sales Executive,Human Resources,7,8851,No,Yes,3,4,3,2,2,2,19
EMP-1181,41,Male,Divorced,Finance,Financial Analyst,Human Resources,7,7984,Yes,No,3,1,2,4,1,0,24
EMP-1182,46,Female,Divorced,Human Resources,HR Executive,Technical Degree,12,11563,Yes,Yes,2,2,4,1,1,0,26
EMP-1183,54,Female,Married,Marketing,Content Strategist,Other,13,7944,No,No,3,2,3,1,4,1,35
EMP-1184,26,Male,Married,Human Resources,Recruitment Specialist,Other,5,4734,No,No,3,1,4,1,3,1,8
EMP-1185,30,Female,Single,R&D,R&D Manager,Technical Degree,9,15322,No,Yes,3,3,2,3,5,5,8
EMP-1186,49,Male,Single,R&D,Laboratory Technician,Marketing,19,9094,No,No,3,4,3,1,12,2,17
EMP-1187,29,Male,Divorced,R&D,R&D Manager,Life Sciences,2,9024,No,No,3,1,4,3,1,1,15
EMP-1188,48,Female,Married,Human Resources,HR Executive,Marketing,3,8617,Yes,Yes,3,1,1,2,2,0,30
EMP-1189,42,Male,Married,Human Resources,Recruitment Specialist,Life Sciences,12,7531,No,No,4,3,2,4,4,4,16
EMP-1190,48,Male,Divorced,Sales,Sales Executive,Marketing,1,6094,No,Yes,4,4,3,1,1,1,4
EMP-1191,39,Male,Single,Sales,Sales Manager,Human Resources,14,19547,No,No,3,3,4,1,11,6,5
EMP-1192,25,Male,Single,Marketing,Marketing Manager,Medical,4,12106,No,No,3,3,4,3,1,0,9
EMP-1193,31,Male,Married,Marketing,Marketing Specialist,Technical Degree,10,8330,No,No,3,3,2,4,2,0,11
EMP-1194,24,Male,Married,Finance,Accountant,Medical,3,6424,No,No,3,3,4,1,1,0,26
EMP-1195,57,Male,Married,Software Engineering,Engineering Lead,Life Sciences,5,10259,Yes,Yes,3,1,2,2,1,1,5
EMP-1196,34,Female,Married,R&D,Research Scientist,Medical,3,6459,No,Yes,3,1,4,1,2,1,2
EMP-1197,49,Male,Single,Software Engineering,Engineering Lead,Medical,9,13168,No,No,3,2,1,2,8,0,6
EMP-1198,30,Male,Divorced,Human Resources,Recruitment Specialist,Human Resources,8,10477,No,No,3,1,4,3,6,4,33
EMP-1199,39,Male,Married,Human Resources,Recruitment Specialist,Human Resources,8,6472,No,No,3,3,1,4,4,1,7
EMP-1200,37,Male,Divorced,Sales,Sales Manager,Life Sciences,8,16144,No,Yes,3,4,3,2,6,4,2
EMP-1201,44,Female,Divorced,Finance,Finance Manager,Medical,19,16958,No,No,2,4,3,2,8,3,2
EMP-1202,22,Male,Divorced,Marketing,Content Strategist,Medical,1,6324,No,Yes,3,2,3,1,1,1,5
EMP-1203,47,Female,Married,Human Resources,HR Manager,Marketing,11,14006,No,No,3,2,4,4,9,9,23
EMP-1204,33,Male,Divorced,Sales,Sales Manager,Other,10,11493,No,Yes,3,1,4,1,10,3,7
EMP-1205,43,Female,Single,Software Engineering,Software Engineer,Marketing,11,8007,Yes,Yes,3,1,3,4,6,2,7
EMP-1206,25,Male,Divorced,Finance,Financial Analyst,Technical Degree,4,7695,No,Yes,3,4,3,4,2,0,29
EMP-1207,40,Male,Married,R&D,Research Scientist,Life Sciences,3,6579,No,No,4,4,2,1,1,1,31
EMP-1208,49,Female,Single,Finance,Financial Analyst,Human Resources,14,6768,No,No,3,1,3,2,9,8,17
EMP-1209,41,Male,Single,Finance,Accountant,Technical Degree,19,14637,No,No,3,4,2,1,10,10,31
EMP-1210,23,Male,Divorced,Sales,Sales Executive,Marketing,2,7811,No,No,4,1,3,4,2,0,35
EMP-1211,45,Female,Married,Software Engineering,Software Engineer,Medical,15,6820,No,Yes,3,4,4,3,1,0,7
EMP-1212,44,Female,Married,R&D,R&D Manager,Human Resources,8,14355,No,No,3,4,4,4,5,0,26
EMP-1213,54,Female,Divorced,Finance,Financial Analyst,Human Resources,20,8007,No,No,4,4,2,2,5,0,28
EMP-1214,49,Male,Divorced,R&D,R&D Manager,Medical,20,15232,No,No,3,1,1,4,17,14,1
EMP-1215,55,Female,Single,Finance,Finance Manager,Technical Degree,5,11189,No,No,4,1,1,1,4,2,25
EMP-1216,58,Female,Single,Finance,Accountant,Medical,9,8175,No,No,3,4,1,4,4,0,31
EMP-1217,23,Male,Married,Human Resources,Recruitment Specialist,Marketing,2,7965,No,No,3,1,2,2,2,1,27
EMP-1218,27,Male,Single,Marketing,Marketing Manager,Technical Degree,6,16413,No,Yes,3,3,1,2,4,1,34
EMP-1219,33,Male,Single,Marketing,Marketing Specialist,Life Sciences,8,5598,Yes,Yes,4,1,3,2,2,2,2
EMP-1220,53,Female,Single,Sales,Sales Representative,Technical Degree,19,12257,No,No,3,3,2,3,10,0,25
EMP-1221,58,Female,Single,R&D,Research Scientist,Medical,8,6637,No,No,2,4,1,1,3,0,15
EMP-1222,41,Female,Divorced,Human Resources,HR Manager,Other,9,15382,No,Yes,3,4,3,4,9,9,26
EMP-1223,22,Female,Divorced,Marketing,Marketing Specialist,Marketing,1,5741,No,No,3,1,4,1,1,1,17
EMP-1224,41,Male,Divorced,Finance,Finance Manager,Medical,2,13921,No,No,4,3,2,1,2,1,26
EMP-1225,24,Female,Divorced,Software Engineering,Engineering Lead,Medical,3,15447,No,No,4,2,4,3,3,1,19
EMP-1226,30,Female,Divorced,R&D,Laboratory Technician,Human Resources,6,7851,Yes,Yes,4,1,2,3,3,2,17
EMP-1227,51,Female,Married,Marketing,Content Strategist,Life Sciences,19,15382,No,No,4,1,4,2,13,8,20
EMP-1228,31,Male,Single,Software Engineering,Software Engineer,Marketing,10,11644,No,No,3,4,2,3,2,1,22
EMP-1229,42,Female,Single,Finance,Financial Analyst,Technical Degree,9,8011,Yes,No,3,2,2,4,7,6,26
EMP-1230,46,Male,Divorced,Software Engineering,DevOps Engineer,Medical,12,7851,No,No,3,3,2,1,4,1,23
EMP-1231,28,Male,Divorced,Human Resources,HR Executive,Marketing,6,5894,No,No,3,1,3,3,5,2,28
EMP-1232,43,Non-Binary,Married,Finance,Financial Analyst,Marketing,7,7294,No,Yes,4,4,1,2,2,2,2
EMP-1233,32,Male,Divorced,Marketing,Marketing Manager,Other,2,12321,No,No,3,3,1,1,1,0,8
EMP-1234,46,Male,Married,Software Engineering,DevOps Engineer,Technical Degree,5,6518,No,No,3,1,3,4,3,1,27
EMP-1235,29,Male,Single,R&D,R&D Manager,Technical Degree,7,14895,No,No,3,3,2,3,1,1,14
EMP-1236,43,Male,Single,Finance,Accountant,Other,3,5193,No,No,2,4,2,1,3,0,17
EMP-1237,51,Non-Binary,Married,Finance,Financial Analyst,Marketing,15,6235,Yes,No,3,2,1,3,2,0,3
EMP-1238,32,Male,Married,R&D,Research Scientist,Human Resources,9,6166,No,No,4,3,2,1,5,3,31
EMP-1239,32,Male,Divorced,Software Engineering,Engineering Lead,Other,2,10157,No,Yes,3,4,4,4,2,2,2
EMP-1240,30,Female,Married,Finance,Finance Manager,Life Sciences,9,13559,Yes,Yes,4,1,3,3,4,2,34
EMP-1241,28,Male,Divorced,Marketing,Marketing Manager,Medical,7,13565,No,Yes,4,4,2,1,5,3,32
EMP-1242,53,Male,Married,Sales,Sales Executive,Marketing,2,7766,No,Yes,3,4,4,2,2,0,32
EMP-1243,29,Non-Binary,Divorced,Software Engineering,DevOps Engineer,Other,1,4293,No,No,3,4,1,1,1,0,30
EMP-1244,25,Female,Married,Human Resources,Recruitment Specialist,Marketing,4,8407,No,Yes,3,3,4,1,1,1,23
EMP-1245,57,Female,Divorced,Finance,Accountant,Life Sciences,2,5096,Yes,Yes,3,2,4,1,2,0,30
EMP-1246,43,Male,Married,Sales,Sales Manager,Life Sciences,19,16102,No,No,2,4,4,2,2,2,28
EMP-1247,54,Female,Single,Marketing,Content Strategist,Other,19,11025,Yes,No,3,2,1,4,13,6,16
EMP-1248,43,Non-Binary,Married,Human Resources,Recruitment Specialist,Medical,5,8101,No,Yes,3,3,3,2,3,2,9
EMP-1249,33,Female,Divorced,Finance,Finance Manager,Other,11,16288,No,No,4,3,4,4,9,4,28
EMP-1250,28,Male,Single,R&D,R&D Manager,Life Sciences,2,10573,No,Yes,2,2,3,3,1,0,23
EMP-1251,57,Female,Divorced,Software Engineering,Software Engineer,Other,18,10165,No,No,4,3,1,4,11,8,4
EMP-1252,38,Male,Married,R&D,R&D Manager,Medical,12,18285,Yes,No,4,2,2,3,3,0,25
EMP-1253,39,Female,Single,R&D,Laboratory Technician,Medical,18,8007,No,Yes,4,3,4,2,2,2,20
EMP-1254,57,Male,Divorced,Software Engineering,Engineering Lead,Marketing,17,16999,Yes,No,3,2,1,2,8,3,22
EMP-1255,40,Male,Divorced,Human Resources,Recruitment Specialist,Human Resources,16,13558,Yes,No,4,1,1,3,8,0,21
EMP-1256,46,Male,Divorced,Software Engineering,Software Engineer,Marketing,1,7794,No,Yes,4,3,4,4,1,1,33
EMP-1257,32,Non-Binary,Divorced,R&D,Research Scientist,Human Resources,1,3939,No,Yes,4,2,4,1,1,0,10
EMP-1258,43,Male,Single,R&D,Laboratory Technician,Life Sciences,6,7015,Yes,No,3,1,2,3,3,0,25
EMP-1259,56,Male,Divorced,Finance,Financial Analyst,Human Resources,3,8480,Yes,Yes,3,1,3,1,2,1,25
EMP-1260,23,Male,Divorced,Software Engineering,Engineering Lead,Medical,2,15117,No,No,4,3,2,3,2,0,10
EMP-1261,22,Female,Married,R&D,Research Scientist,Human Resources,1,4125,Yes,No,3,2,3,2,1,0,15
EMP-1262,34,Male,Divorced,Marketing,Content Strategist,Human Resources,2,8232,Yes,Yes,3,1,3,1,2,1,9
EMP-1263,37,Male,Divorced,Finance,Finance Manager,Life Sciences,7,13021,No,No,3,4,3,3,5,2,21
EMP-1264,22,Male,Single,Software Engineering,Software Engineer,Other,1,5831,No,No,3,3,2,3,1,1,32
EMP-1265,33,Female,Single,Marketing,Marketing Specialist,Marketing,5,8612,No,No,4,3,1,1,1,1,14
EMP-1266,38,Female,Divorced,R&D,R&D Manager,Technical Degree,5,12746,No,No,3,2,3,2,4,2,33
EMP-1267,37,Female,Divorced,R&D,R&D Manager,Other,6,16389,Yes,Yes,4,2,4,2,2,2,31
EMP-1268,36,Female,Single,Human Resources,HR Executive,Life Sciences,9,8107,No,No,4,1,2,3,1,1,7
EMP-1269,39,Female,Married,Finance,Finance Manager,Human Resources,18,16662,No,No,4,4,4,3,3,2,25
EMP-1270,47,Male,Married,Sales,Sales Manager,Technical Degree,16,15865,Yes,Yes,3,2,4,2,5,1,11
EMP-1271,29,Female,Married,Human Resources,HR Manager,Marketing,4,13732,No,No,3,4,4,2,4,0,16
EMP-1272,58,Female,Single,R&D,Research Scientist,Other,17,9947,No,Yes,3,2,1,2,1,1,6
EMP-1273,52,Female,Single,Sales,Sales Representative,Medical,14,9311,No,No,3,2,3,2,8,1,15
EMP-1274,30,Male,Single,Software Engineering,DevOps Engineer,Human Resources,9,9887,Yes,No,3,2,1,2,9,8,8
EMP-1275,30,Female,Divorced,R&D,Laboratory Technician,Life Sciences,9,9789,No,Yes,4,3,1,4,7,5,7
EMP-1276,38,Male,Single,Software Engineering,Software Engineer,Life Sciences,10,10194,No,No,3,3,2,1,10,8,8
EMP-1277,46,Female,Divorced,Marketing,Marketing Specialist,Marketing,14,8645,Yes,Yes,3,2,4,3,10,4,26
EMP-1278,57,Female,Married,Sales,Sales Representative,Medical,12,11284,No,No,3,4,3,3,7,2,8
EMP-1279,50,Female,Single,Finance,Financial Analyst,Life Sciences,7,9128,No,No,3,3,1,2,7,1,10
EMP-1280,49,Male,Married,Software Engineering,Engineering Lead,Medical,12,12815,No,No,3,1,4,4,12,9,4
EMP-1281,53,Male,Single,Sales,Sales Manager,Other,17,14225,Yes,No,3,1,2,2,6,0,18
EMP-1282,47,Male,Single,Software Engineering,DevOps Engineer,Human Resources,1,4147,Yes,No,4,1,3,3,1,1,26
EMP-1283,38,Male,Divorced,Marketing,Marketing Specialist,Life Sciences,17,8518,No,No,4,3,3,1,9,7,25
EMP-1284,37,Female,Married,Marketing,Content Strategist,Other,15,7519,No,No,3,1,3,1,4,1,21
EMP-1285,55,Female,Divorced,Software Engineering,DevOps Engineer,Marketing,8,6937,No,No,3,4,3,1,6,2,14
EMP-1286,33,Female,Divorced,Marketing,Content Strategist,Medical,12,7355,No,Yes,4,2,3,2,6,1,7
EMP-1287,53,Female,Divorced,R&D,Research Scientist,Life Sciences,16,11168,No,No,4,3,4,3,9,6,15
EMP-1288,25,Female,Married,Marketing,Marketing Specialist,Technical Degree,4,4578,No,No,2,3,4,2,4,2,1
EMP-1289,35,Male,Single,R&D,R&D Manager,Marketing,12,17959,No,Yes,3,3,2,3,10,5,24
EMP-1290,49,Male,Divorced,Sales,Sales Representative,Marketing,12,9133,No,No,3,4,2,2,2,2,18
EMP-1291,49,Female,Single,Sales,Sales Manager,Medical,5,14154,No,No,4,1,2,4,5,4,21
EMP-1292,38,Female,Divorced,Software Engineering,DevOps Engineer,Life Sciences,13,8248,Yes,No,3,2,1,2,8,5,17
EMP-1293,57,Female,Married,Human Resources,Recruitment Specialist,Marketing,1,6754,No,No,3,3,2,2,1,1,29
EMP-1294,40,Male,Single,R&D,Laboratory Technician,Medical,11,10076,No,Yes,3,4,1,1,6,5,19
EMP-1295,47,Male,Married,Finance,Accountant,Marketing,19,15010,No,Yes,2,4,4,2,8,4,6
EMP-1296,47,Male,Single,Sales,Sales Executive,Technical Degree,18,6448,No,Yes,3,4,1,1,13,4,15
EMP-1297,40,Male,Single,Sales,Sales Manager,Medical,17,12566,No,No,3,1,3,3,9,8,29
EMP-1298,56,Male,Divorced,Sales,Sales Manager,Technical Degree,19,17459,No,No,4,3,3,4,15,9,24
EMP-1299,31,Male,Single,Software Engineering,DevOps Engineer,Human Resources,5,7132,No,No,3,4,1,4,1,1,19
EMP-1300,22,Female,Single,Marketing,Marketing Specialist,Technical Degree,1,7031,Yes,No,3,2,2,4,1,1,19
EMP-1301,56,Female,Married,Finance,Finance Manager,Medical,3,10546,No,No,3,3,1,4,3,3,13
EMP-1302,31,Male,Divorced,Human Resources,HR Executive,Life Sciences,6,5369,No,No,3,3,2,4,2,0,32
EMP-1303,48,Male,Married,Sales,Sales Representative,Marketing,15,6969,Yes,Yes,3,1,2,1,3,1,17
EMP-1304,29,Non-Binary,Divorced,Software Engineering,Software Engineer,Medical,8,8532,Yes,No,2,1,2,4,4,3,25
EMP-1305,42,Male,Divorced,Finance,Accountant,Life Sciences,18,10725,No,Yes,4,3,4,3,7,1,16
EMP-1306,42,Male,Married,Finance,Accountant,Human Resources,4,7850,Yes,No,3,2,1,1,2,1,6
EMP-1307,53,Male,Divorced,Sales,Sales Executive,Marketing,2,4171,Yes,No,3,2,1,2,2,1,13
EMP-1308,46,Male,Single,R&D,R&D Manager,Marketing,2,13135,No,Yes,3,4,3,4,2,1,30
EMP-1309,57,Male,Divorced,Human Resources,HR Manager,Medical,15,16307,No,Yes,3,3,3,4,7,2,2
EMP-1310,37,Male,Single,Marketing,Content Strategist,Other,16,9542,No,No,3,4,2,3,4,0,34
EMP-1311,24,Female,Single,Finance,Financial Analyst,Medical,2,5209,Yes,Yes,3,4,2,1,2,2,17
EMP-1312,36,Female,Single,R&D,Laboratory Technician,Life Sciences,7,9934,No,No,3,1,4,1,4,2,4
EMP-1313,55,Male,Single,Marketing,Content Strategist,Marketing,3,6153,Yes,No,3,1,1,2,1,0,27
EMP-1314,58,Male,Married,Finance,Financial Analyst,Other,14,6740,No,No,3,2,4,3,10,7,23
EMP-1315,42,Female,Married,Human Resources,HR Manager,Other,14,17694,Yes,No,4,2,2,4,8,7,26
EMP-1316,24,Non-Binary,Divorced,R&D,R&D Manager,Life Sciences,3,10737,No,No,3,3,1,3,2,0,18
EMP-1317,57,Female,Divorced,Marketing,Marketing Manager,Medical,4,9877,No,Yes,4,3,2,2,2,0,17
EMP-1318,58,Male,Single,Human Resources,HR Executive,Other,3,6915,No,No,3,4,2,4,3,0,20
EMP-1319,58,Male,Single,R&D,R&D Manager,Marketing,12,15129,Yes,No,3,1,2,1,9,0,21
EMP-1320,31,Male,Divorced,Marketing,Marketing Manager,Medical,5,10523,No,Yes,3,4,4,1,4,1,9
EMP-1321,52,Female,Single,Human Resources,HR Executive,Human Resources,13,7573,No,No,3,4,4,2,4,3,26
EMP-1322,34,Female,Divorced,Finance,Finance Manager,Human Resources,8,11829,No,No,3,3,4,3,2,2,27
EMP-1323,44,Male,Married,Software Engineering,DevOps Engineer,Human Resources,1,5890,No,No,4,3,4,2,1,0,24
EMP-1324,27,Male,Single,Sales,Sales Manager,Medical,6,11941,No,No,2,3,1,3,4,3,2
EMP-1325,56,Male,Divorced,Human Resources,HR Executive,Human Resources,9,10152,Yes,No,3,2,1,4,3,0,19
EMP-1326,39,Male,Divorced,Sales,Sales Manager,Life Sciences,3,12640,No,Yes,4,3,3,1,3,3,15
EMP-1327,28,Female,Married,Software Engineering,Engineering Lead,Human Resources,7,10600,Yes,Yes,4,2,4,1,4,3,11
EMP-1328,44,Male,Married,R&D,Laboratory Technician,Medical,17,11528,No,No,4,1,3,4,1,1,15
EMP-1329,47,Female,Single,Sales,Sales Representative,Other,13,12600,No,No,3,2,4,2,5,4,22
EMP-1330,30,Male,Single,Software Engineering,Engineering Lead,Human Resources,9,17289,No,No,4,2,2,3,7,2,11
EMP-1331,57,Female,Divorced,Human Resources,HR Executive,Life Sciences,6,7985,Yes,No,3,2,1,3,4,2,10
EMP-1332,30,Male,Divorced,Sales,Sales Executive,Human Resources,9,10599,Yes,No,3,2,2,2,8,2,33
EMP-1333,45,Male,Married,Marketing,Content Strategist,Technical Degree,16,7382,No,No,4,2,2,1,14,3,13
EMP-1334,33,Female,Married,Sales,Sales Executive,Human Resources,12,10313,No,No,2,4,2,4,12,6,21
EMP-1335,58,Female,Divorced,Software Engineering,Engineering Lead,Other,2,13119,No,No,3,4,4,1,2,2,3
EMP-1336,55,Female,Single,Marketing,Content Strategist,Medical,10,9310,No,Yes,3,3,3,4,1,0,30
EMP-1337,27,Female,Single,Finance,Accountant,Medical,6,8780,No,No,3,4,4,3,5,5,13
EMP-1338,38,Male,Divorced,Software Engineering,Software Engineer,Other,6,5250,Yes,Yes,3,1,4,3,5,4,11
EMP-1339,46,Male,Single,Software Engineering,Engineering Lead,Marketing,19,20932,Yes,Yes,3,2,2,2,10,7,19
EMP-1340,29,Female,Single,Finance,Financial Analyst,Life Sciences,8,6497,No,No,2,4,4,4,8,3,14
EMP-1341,52,Male,Married,Marketing,Marketing Manager,Life Sciences,20,16436,Yes,Yes,2,2,3,2,2,0,3
EMP-1342,41,Male,Single,Finance,Finance Manager,Life Sciences,4,12695,No,No,3,2,3,2,3,0,6
EMP-1343,45,Female,Single,Human Resources,Recruitment Specialist,Technical Degree,18,7763,No,No,3,4,2,1,17,13,34
EMP-1344,35,Female,Single,Sales,Sales Manager,Human Resources,14,13040,No,Yes,3,3,4,3,10,5,9
EMP-1345,53,Female,Divorced,Marketing,Marketing Manager,Technical Degree,16,15989,Yes,Yes,2,2,3,2,4,1,27
EMP-1346,43,Male,Divorced,Software Engineering,Software Engineer,Medical,1,5174,No,No,3,3,3,1,1,0,8
EMP-1347,43,Male,Divorced,Finance,Accountant,Human Resources,1,4837,No,No,3,3,3,4,1,1,10
EMP-1348,56,Female,Married,Finance,Accountant,Technical Degree,2,7920,No,No,3,3,1,2,2,0,10
EMP-1349,43,Non-Binary,Divorced,Human Resources,HR Executive,Human Resources,6,9707,No,No,3,4,2,1,6,6,21
EMP-1350,39,Male,Married,Finance,Financial Analyst,Medical,12,11246,No,Yes,3,3,2,3,1,0,6
EMP-1351,23,Female,Divorced,Software Engineering,Engineering Lead,Medical,2,12058,No,Yes,4,4,3,3,1,0,3
EMP-1352,55,Male,Married,Software Engineering,DevOps Engineer,Life Sciences,20,8613,No,No,3,4,1,1,10,0,20
EMP-1353,42,Male,Married,Finance,Financial Analyst,Marketing,18,12060,No,Yes,3,4,1,3,1,0,14
EMP-1354,57,Male,Single,Marketing,Content Strategist,Other,10,10022,Yes,No,3,2,1,3,3,0,31
EMP-1355,28,Male,Single,Finance,Financial Analyst,Technical Degree,7,6976,No,No,3,4,3,3,7,1,30
EMP-1356,27,Female,Divorced,Marketing,Marketing Specialist,Technical Degree,4,7848,No,No,2,4,4,2,3,2,26
EMP-1357,43,Female,Married,Sales,Sales Manager,Technical Degree,16,11403,No,No,4,4,1,3,10,5,9
EMP-1358,47,Female,Single,Marketing,Marketing Specialist,Marketing,18,10117,No,No,3,3,4,4,8,8,11
EMP-1359,26,Male,Divorced,Software Engineering,DevOps Engineer,Human Resources,5,8241,No,No,2,3,2,2,5,3,8
EMP-1360,51,Male,Single,Marketing,Marketing Manager,Technical Degree,6,13387,No,No,3,4,1,1,4,2,32
EMP-1361,25,Male,Single,Finance,Finance Manager,Human Resources,1,14888,No,No,3,2,4,3,1,0,21
EMP-1362,41,Female,Married,Human Resources,HR Manager,Other,12,12819,No,No,2,1,4,2,9,0,1
EMP-1363,44,Male,Married,Finance,Finance Manager,Life Sciences,8,14668,No,No,3,4,3,4,4,1,31
EMP-1364,57,Male,Married,Sales,Sales Executive,Technical Degree,5,7428,Yes,Yes,2,2,2,1,4,3,9
EMP-1365,48,Female,Divorced,R&D,Research Scientist,Human Resources,14,8396,No,No,3,4,4,4,10,0,32
EMP-1366,54,Male,Divorced,Finance,Financial Analyst,Human Resources,12,8274,Yes,Yes,3,1,4,3,3,2,30
EMP-1367,55,Female,Single,Marketing,Marketing Specialist,Medical,16,9039,No,No,2,3,1,3,15,15,22
EMP-1368,40,Male,Single,Software Engineering,DevOps Engineer,Other,19,12074,No,No,3,3,1,4,10,9,2
EMP-1369,27,Male,Single,Human Resources,Recruitment Specialist,Marketing,6,6127,No,Yes,2,3,3,3,2,2,10
EMP-1370,45,Female,Married,Finance,Accountant,Other,8,8740,No,No,3,1,3,1,3,3,27
EMP-1371,50,Female,Single,Software Engineering,Software Engineer,Medical,19,9123,No,Yes,3,3,1,1,10,7,35
EMP-1372,46,Male,Single,Sales,Sales Representative,Human Resources,14,6419,No,No,3,4,4,3,1,0,35
EMP-1373,49,Female,Divorced,Finance,Accountant,Marketing,11,7812,No,No,3,1,3,4,4,4,13
EMP-1374,33,Male,Single,Marketing,Content Strategist,Other,1,3909,Yes,No,3,4,1,1,1,0,3
EMP-1375,27,Male,Divorced,R&D,R&D Manager,Other,6,15288,Yes,No,2,1,1,1,6,4,12
EMP-1376,33,Male,Married,R&D,R&D Manager,Other,3,14530,No,Yes,3,3,4,3,2,0,25
EMP-1377,25,Male,Married,Software Engineering,DevOps Engineer,Medical,4,4868,No,No,2,2,4,2,4,1,7
EMP-1378,38,Male,Single,Software Engineering,Engineering Lead,Life Sciences,17,18098,No,Yes,3,4,1,4,2,2,25
EMP-1379,43,Female,Divorced,Human Resources,HR Executive,Life Sciences,17,11843,No,No,2,4,4,1,16,3,35
EMP-1380,41,Male,Divorced,Human Resources,Recruitment Specialist,Other,3,7050,No,No,3,3,1,4,1,0,3
EMP-1381,34,Male,Married,Software Engineering,Engineering Lead,Life Sciences,12,14537,No,Yes,2,4,2,2,10,3,32
EMP-1382,56,Female,Married,Software Engineering,Software Engineer,Human Resources,15,5719,No,No,2,3,1,3,2,0,34
EMP-1383,56,Male,Divorced,Software Engineering,Engineering Lead,Medical,3,9816,No,No,4,2,4,1,1,0,9
EMP-1384,25,Female,Single,R&D,Research Scientist,Technical Degree,4,6050,Yes,No,3,1,1,1,2,1,22
EMP-1385,47,Male,Divorced,Finance,Finance Manager,Human Resources,18,13801,Yes,No,2,2,1,2,14,2,24
EMP-1386,50,Male,Divorced,Marketing,Marketing Specialist,Life Sciences,5,5778,No,No,2,4,2,1,1,0,6
EMP-1387,40,Male,Married,Finance,Finance Manager,Other,5,11118,No,Yes,3,3,4,4,1,0,32
EMP-1388,41,Male,Single,Marketing,Marketing Specialist,Human Resources,8,6212,No,No,3,1,3,2,4,2,4
EMP-1389,31,Female,Married,Sales,Sales Executive,Technical Degree,6,6434,Yes,Yes,3,1,1,3,4,0,7
EMP-1390,56,Male,Single,Finance,Financial Analyst,Technical Degree,17,7006,No,No,3,2,4,3,11,3,8
EMP-1391,28,Male,Married,Human Resources,HR Executive,Medical,7,6183,No,No,2,4,4,1,5,3,12
EMP-1392,30,Male,Single,Software Engineering,DevOps Engineer,Other,9,7218,No,No,2,3,2,1,3,0,30
EMP-1393,32,Female,Single,Software Engineering,DevOps Engineer,Marketing,11,8356,No,No,3,2,2,1,4,4,31
EMP-1394,22,Female,Divorced,Software Engineering,DevOps Engineer,Medical,1,6142,No,No,2,2,2,1,1,1,34
EMP-1395,28,Male,Single,Software Engineering,DevOps Engineer,Life Sciences,7,5590,No,No,3,4,2,2,1,0,31
EMP-1396,32,Female,Divorced,Finance,Accountant,Other,11,7788,No,No,3,4,4,2,6,5,30
EMP-1397,22,Female,Single,Finance,Finance Manager,Technical Degree,1,13007,No,No,3,3,4,3,1,0,22
EMP-1398,54,Female,Divorced,Finance,Financial Analyst,Marketing,2,4605,No,No,3,3,4,1,1,0,9
EMP-1399,56,Male,Married,Human Resources,HR Executive,Other,19,11416,No,No,3,2,3,3,14,4,4
EMP-1400,44,Male,Divorced,R&D,Laboratory Technician,Human Resources,4,8375,No,No,4,3,4,3,1,0,30
EMP-1401,47,Female,Married,R&D,Research Scientist,Life Sciences,4,5429,No,Yes,3,1,2,4,1,1,27
EMP-1402,30,Male,Married,Finance,Finance Manager,Technical Degree,1,11086,Yes,No,3,1,1,2,1,1,32
EMP-1403,55,Female,Married,Marketing,Marketing Manager,Technical Degree,10,14976,No,Yes,3,3,2,3,5,0,10
EMP-1404,51,Female,Divorced,Human Resources,Recruitment Specialist,Medical,18,9064,Yes,Yes,2,2,2,2,5,3,17
EMP-1405,35,Female,Single,Human Resources,HR Executive,Other,11,8073,No,No,2,3,4,2,1,1,32
EMP-1406,42,Male,Divorced,Sales,Sales Representative,Human Resources,17,11268,No,No,3,3,4,3,5,4,29
EMP-1407,29,Female,Single,Human Resources,HR Manager,Medical,8,11281,No,No,2,1,4,2,1,0,34
EMP-1408,34,Male,Divorced,Sales,Sales Representative,Technical Degree,3,8142,No,No,3,2,4,3,1,1,26
EMP-1409,49,Male,Married,Sales,Sales Manager,Life Sciences,10,13715,No,Yes,4,3,4,1,7,7,19
EMP-1410,49,Female,Married,Sales,Sales Manager,Medical,19,16666,No,No,4,2,2,3,3,3,6
EMP-1411,39,Male,Divorced,R&D,Laboratory Technician,Technical Degree,18,7939,No,No,2,2,4,3,10,9,20
EMP-1412,51,Male,Single,Software Engineering,Engineering Lead,Medical,9,14504,No,No,3,4,1,3,4,0,8
EMP-1413,26,Female,Married,Human Resources,Recruitment Specialist,Human Resources,5,9138,No,No,3,3,4,1,1,1,11
EMP-1414,31,Male,Divorced,Marketing,Marketing Specialist,Medical,10,6167,No,No,4,3,3,4,1,1,19
EMP-1415,26,Female,Divorced,Marketing,Marketing Manager,Medical,4,14773,No,No,3,2,3,3,3,2,24
EMP-1416,44,Female,Single,R&D,R&D Manager,Medical,17,14970,No,No,3,4,4,3,7,2,33
EMP-1417,57,Female,Divorced,Sales,Sales Executive,Human Resources,18,8741,No,No,4,4,1,1,16,11,20
EMP-1418,30,Female,Divorced,Finance,Accountant,Human Resources,9,7589,No,Yes,4,3,1,1,3,1,20
EMP-1419,30,Non-Binary,Married,Sales,Sales Executive,Other,4,4452,No,Yes,2,4,4,1,1,1,8
EMP-1420,26,Male,Single,Human Resources,HR Executive,Life Sciences,4,6082,Yes,Yes,2,2,2,3,3,2,23
EMP-1421,37,Female,Single,Sales,Sales Manager,Life Sciences,16,17200,Yes,Yes,3,2,2,3,4,1,33
EMP-1422,45,Female,Single,Finance,Accountant,Technical Degree,4,6133,No,Yes,3,3,4,4,1,1,8
EMP-1423,55,Male,Married,Software Engineering,Software Engineer,Other,10,11104,Yes,No,3,1,1,3,5,5,29
EMP-1424,48,Male,Married,Sales,Sales Manager,Medical,3,13566,No,No,3,3,2,1,1,1,29
EMP-1425,27,Male,Married,Marketing,Marketing Manager,Technical Degree,6,11367,Yes,No,3,2,1,3,4,0,15
EMP-1426,53,Male,Divorced,Software Engineering,Engineering Lead,Human Resources,19,17253,No,No,4,4,3,4,16,16,18
EMP-1427,28,Male,Married,Sales,Sales Representative,Technical Degree,7,5401,Yes,No,2,1,1,1,5,5,21
EMP-1428,28,Female,Divorced,Sales,Sales Representative,Human Resources,7,8424,No,No,3,3,4,4,7,0,3
EMP-1429,46,Male,Married,Software Engineering,Software Engineer,Technical Degree,15,5864,No,No,2,2,3,2,12,6,32
EMP-1430,53,Female,Divorced,R&D,R&D Manager,Human Resources,19,17497,Yes,Yes,3,2,1,4,12,12,19
EMP-1431,23,Female,Single,Human Resources,HR Executive,Marketing,2,8295,No,No,4,3,4,1,2,1,4
EMP-1432,37,Male,Married,Finance,Financial Analyst,Human Resources,3,4852,No,Yes,3,3,1,3,1,1,28
EMP-1433,48,Male,Divorced,Marketing,Marketing Manager,Technical Degree,19,13071,No,No,4,4,4,3,4,1,22
EMP-1434,43,Male,Married,Software Engineering,Engineering Lead,Marketing,14,14030,Yes,Yes,3,1,2,3,13,3,6
EMP-1435,28,Female,Married,Finance,Finance Manager,Life Sciences,7,14747,No,No,3,4,2,3,3,2,28
EMP-1436,42,Male,Married,Finance,Finance Manager,Marketing,20,18041,No,No,3,2,1,2,15,8,35
EMP-1437,58,Female,Single,Marketing,Content Strategist,Human Resources,7,8060,No,No,3,2,2,2,4,2,5
EMP-1438,48,Male,Married,Finance,Financial Analyst,Other,6,7250,Yes,Yes,3,2,4,2,3,3,32
EMP-1439,49,Female,Single,Marketing,Content Strategist,Medical,6,6538,No,No,3,1,3,3,1,1,2
EMP-1440,42,Female,Single,R&D,Research Scientist,Technical Degree,12,6951,Yes,No,3,2,2,1,11,9,34
EMP-1441,27,Male,Single,Human Resources,Recruitment Specialist,Marketing,6,10014,No,Yes,2,4,2,4,2,1,29
EMP-1442,25,Female,Married,Software Engineering,DevOps Engineer,Other,4,6948,No,No,4,4,4,2,2,1,31
EMP-1443,41,Male,Divorced,Finance,Accountant,Life Sciences,2,5591,No,No,3,4,3,3,1,1,25
EMP-1444,38,Male,Single,R&D,Laboratory Technician,Marketing,7,7200,No,No,3,4,3,4,1,1,31
EMP-1445,43,Female,Single,Finance,Accountant,Medical,9,8841,No,No,2,3,4,3,1,0,29
EMP-1446,22,Male,Divorced,Finance,Financial Analyst,Marketing,1,8088,No,No,4,1,2,2,1,1,21
EMP-1447,30,Male,Divorced,Software Engineering,DevOps Engineer,Human Resources,9,7308,No,Yes,4,1,4,3,4,0,2
EMP-1448,36,Female,Married,Marketing,Marketing Manager,Medical,9,17556,Yes,No,3,2,1,4,6,1,8
EMP-1449,55,Male,Married,R&D,R&D Manager,Other,16,12782,Yes,Yes,3,2,2,3,7,3,19
EMP-1450,34,Male,Married,Finance,Finance Manager,Medical,1,11276,No,No,3,3,2,4,1,0,1
EMP-1451,42,Non-Binary,Married,Software Engineering,Software Engineer,Other,7,8658,No,Yes,2,4,3,1,3,1,31
EMP-1452,24,Male,Divorced,Human Resources,HR Manager,Human Resources,3,12178,No,No,3,4,3,2,3,1,17
EMP-1453,53,Female,Married,Sales,Sales Manager,Medical,3,12092,No,Yes,2,4,2,3,1,1,18
EMP-1454,49,Male,Married,Finance,Accountant,Human Resources,9,9505,No,No,3,4,2,3,3,3,4
EMP-1455,25,Male,Single,Sales,Sales Executive,Technical Degree,4,5859,No,No,4,4,4,1,1,1,23
EMP-1456,53,Male,Single,Finance,Finance Manager,Other,5,10707,Yes,Yes,3,1,2,3,3,1,1
EMP-1457,33,Male,Single,Marketing,Marketing Manager,Medical,12,16133,No,No,3,3,1,3,7,5,7
EMP-1458,23,Male,Divorced,Human Resources,HR Executive,Other,2,7539,No,No,3,3,1,3,2,1,9
EMP-1459,40,Male,Single,Sales,Sales Executive,Other,3,8861,No,Yes,3,4,1,4,2,0,2
EMP-1460,46,Female,Married,Sales,Sales Executive,Other,5,5317,No,No,3,4,4,3,3,0,24
EMP-1461,53,Male,Married,Marketing,Marketing Specialist,Technical Degree,9,10539,No,No,3,4,1,4,7,6,6
EMP-1462,43,Non-Binary,Divorced,R&D,R&D Manager,Medical,5,13977,No,No,4,1,3,4,4,2,10
EMP-1463,41,Female,Divorced,Sales,Sales Manager,Technical Degree,10,14777,Yes,No,3,1,1,1,10,4,23
EMP-1464,27,Female,Single,Human Resources,HR Manager,Life Sciences,6,12076,Yes,Yes,4,2,4,1,5,5,30
EMP-1465,38,Male,Single,Finance,Accountant,Medical,6,5886,No,No,2,3,1,4,1,0,11
EMP-1466,51,Female,Divorced,Finance,Accountant,Other,20,11727,No,Yes,2,3,4,3,7,1,2
EMP-1467,23,Male,Divorced,Finance,Financial Analyst,Medical,2,7499,Yes,No,2,2,1,3,1,0,10
EMP-1468,50,Non-Binary,Married,Finance,Finance Manager,Life Sciences,15,16474,Yes,Yes,2,2,3,4,12,6,27
EMP-1469,57,Non-Binary,Single,Software Engineering,Engineering Lead,Technical Degree,13,16135,No,No,3,4,2,1,6,4,5
EMP-1470,48,Female,Single,Human Resources,HR Manager,Technical Degree,20,18553,No,Yes,3,4,4,1,16,11,29
EMP-1471,36,Female,Divorced,Sales,Sales Manager,Marketing,15,19128,No,No,3,4,2,3,7,5,31
EMP-1472,35,Male,Divorced,Sales,Sales Manager,Life Sciences,14,12273,No,Yes,3,2,2,4,5,1,14
EMP-1473,23,Male,Married,Marketing,Marketing Specialist,Marketing,2,5353,Yes,No,3,1,1,3,1,1,17
EMP-1474,24,Female,Divorced,Human Resources,Recruitment Specialist,Marketing,3,8334,No,No,4,1,1,4,1,0,3
EMP-1475,32,Female,Single,Marketing,Marketing Specialist,Marketing,6,7579,No,Yes,3,4,4,1,2,0,13
EMP-1476,22,Male,Married,Software Engineering,DevOps Engineer,Marketing,1,7530,No,No,3,1,3,3,1,0,34
EMP-1477,30,Female,Married,Software Engineering,Software Engineer,Technical Degree,9,10605,No,Yes,2,3,1,4,9,1,6
EMP-1478,47,Non-Binary,Single,Human Resources,Recruitment Specialist,Technical Degree,2,7109,No,No,4,1,2,1,2,1,26
EMP-1479,57,Female,Divorced,Finance,Finance Manager,Other,11,12991,No,No,3,3,2,4,9,9,29
EMP-1480,47,Female,Married,Finance,Accountant,Life Sciences,2,8072,Yes,Yes,3,4,2,3,2,2,11
EMP-1481,56,Female,Single,R&D,Research Scientist,Marketing,14,9831,No,No,3,1,3,3,1,0,29
EMP-1482,22,Male,Single,Human Resources,HR Manager,Other,1,13465,Yes,Yes,3,2,3,3,1,1,34
EMP-1483,28,Male,Divorced,Finance,Financial Analyst,Medical,7,8146,No,Yes,2,2,4,4,4,1,29
EMP-1484,55,Male,Divorced,R&D,Laboratory Technician,Human Resources,13,9247,No,No,4,4,4,4,12,6,11
EMP-1485,30,Female,Married,Sales,Sales Manager,Medical,9,14454,Yes,Yes,3,2,4,4,2,2,27
EMP-1486,45,Female,Single,R&D,Research Scientist,Human Resources,5,5389,No,Yes,2,3,3,3,2,0,27
EMP-1487,40,Male,Divorced,R&D,Laboratory Technician,Technical Degree,1,4492,Yes,No,3,3,1,1,1,1,31
EMP-1488,30,Female,Divorced,Finance,Finance Manager,Other,9,17124,No,Yes,3,4,2,3,7,6,15
EMP-1489,56,Male,Divorced,Software Engineering,DevOps Engineer,Technical Degree,9,7264,Yes,No,2,2,1,3,4,4,35
EMP-1490,58,Female,Married,Marketing,Marketing Specialist,Human Resources,1,4503,Yes,No,3,2,1,3,1,0,35
EMP-1491,47,Female,Married,Marketing,Content Strategist,Life Sciences,11,8936,No,No,2,4,1,3,2,2,11
EMP-1492,33,Male,Single,Human Resources,HR Executive,Medical,10,9766,Yes,Yes,3,2,1,3,2,1,10
EMP-1493,38,Male,Single,Software Engineering,DevOps Engineer,Life Sciences,7,7556,No,No,3,2,4,4,3,3,27
EMP-1494,23,Male,Single,R&D,Laboratory Technician,Life Sciences,2,8530,Yes,No,3,1,2,2,1,0,24
EMP-1495,37,Female,Married,Marketing,Marketing Specialist,Human Resources,15,5792,No,Yes,4,4,3,2,8,4,17
EMP-1496,44,Female,Single,Finance,Accountant,Human Resources,17,8241,No,Yes,3,2,1,3,9,6,14
EMP-1497,42,Female,Married,Marketing,Marketing Manager,Other,9,17645,No,No,3,4,3,2,4,3,22
EMP-1498,30,Female,Single,R&D,R&D Manager,Human Resources,9,11955,Yes,No,3,1,2,4,7,1,5
EMP-1499,50,Female,Married,Marketing,Marketing Specialist,Technical Degree,20,11112,Yes,No,4,2,1,1,8,0,18
EMP-1500,44,Male,Divorced,Finance,Finance Manager,Other,10,16440,Yes,Yes,3,2,4,3,10,3,1
